Timestamp,Participant_ID,Gender,Nationality,Age,Food,Juice,Dessert
2019/05/07 2:59:45 PM GMT+8,FPS002,femenino,Indian,22.0,Western food,Carbonated drinks,Yes
2019/05/07 3:00:05 PM GMT+8,FPS003,masculino,Indian,31.0,Western food,Fresh Juice,Maybe
2019/05/07 3:00:11 PM GMT+8,FPS004,femenino,Indian,25.0,Traditional food,Fresh Juice,Maybe
2019/05/07 3:03:34 PM GMT+8,FPS006,masculino,Indian,24.0,Traditional food,Fresh Juice,Yes
2019/05/07 3:03:48 PM GMT+8,FPS007,femenino,Indian,34.0,Traditional food,Fresh Juice,Yes
2019/05/07 3:04:37 PM GMT+8,FPS008,masculino,Pakistani,24.0,Western food,Carbonated drinks,Yes
2019/05/07 3:05:39 PM GMT+8,FPS009,femenino,Indian,19.0,Traditional food,Fresh Juice,Yes
2019/05/07 3:06:53 PM GMT+8,FPS010,femenino,Indian,16.0,Western food,Fresh Juice,Yes
2019/05/07 3:07:26 PM GMT+8,FPS011,masculino,Tanzanian,23.0,Traditional food,Fresh Juice,No
2019/05/07 3:07:36 PM GMT+8,FPS012,femenino,Indian,22.0,Traditional food,Fresh Juice,Yes
2019/05/07 3:07:36 PM GMT+8,FPS013,femenino,Indonesian,22.0,Traditional food,Fresh Juice,Maybe
2019/05/07 3:09:47 PM GMT+8,FPS016,masculino,Pakistani,25.0,Traditional food,Fresh Juice,Maybe
2019/05/07 3:10:37 PM GMT+8,FPS017,masculino,Maldivian,26.0,Traditional food,Fresh Juice,No
2019/05/07 3:12:29 PM GMT+8,FPS018,masculino,Malaysian,22.0,Traditional food,Fresh Juice,No
2019/05/07 3:13:11 PM GMT+8,FPS019,femenino,Malaysian,38.0,Traditional food,Fresh Juice,Maybe
2019/05/07 3:21:27 PM GMT+8,FPS023,masculino,Malaysian,20.0,Western food,Fresh Juice,Maybe
2019/05/07 3:21:40 PM GMT+8,FPS024,masculino,Malaysian,22.0,Western food,Fresh Juice,Yes
2019/05/07 3:22:09 PM GMT+8,FPS025,masculino,Malaysian,20.0,Traditional food,Fresh Juice,Yes
2019/05/07 3:24:47 PM GMT+8,FPS026,femenino,Indonesian,24.0,Traditional food,Fresh Juice,Yes
2019/05/07 3:29:38 PM GMT+8,FPS027,masculino,Indian,43.0,Traditional food,Fresh Juice,Maybe
2019/05/07 3:31:17 PM GMT+8,FPS028,femenino,Maldivian,29.0,Western food,Fresh Juice,Yes
2019/05/07 3:33:04 PM GMT+8,FPS029,masculino,Indian,39.0,Traditional food,Fresh Juice,Yes
2019/05/07 3:33:40 PM GMT+8,FPS030,masculino,Indian,26.0,Traditional food,Fresh Juice,Yes
2019/05/07 3:42:00 PM GMT+8,FPS031,masculino,Malaysian,21.0,Traditional food,Carbonated drinks,Maybe
2019/05/07 3:42:05 PM GMT+8,FPS032,femenino,Malaysian,40.0,Western food,Fresh Juice,Yes
2019/05/07 3:46:10 PM GMT+8,FPS033,masculino,Indian,13.0,Western food,Fresh Juice,Maybe
2019/05/07 3:46:28 PM GMT+8,FPS034,masculino,Indian,13.0,Western food,Fresh Juice,Maybe
2019/05/07 3:46:56 PM GMT+8,FPS035,masculino,Indian,13.0,Western food,Fresh Juice,Maybe
2019/05/07 3:47:18 PM GMT+8,FPS036,masculino,Malaysian,24.0,Western food,Fresh Juice,Yes
2019/05/07 3:47:44 PM GMT+8,FPS037,masculino,Indian,13.0,Western food,Fresh Juice,Maybe
2019/05/07 3:48:18 PM GMT+8,FPS038,masculino,Indian,24.0,Traditional food,Fresh Juice,Yes
2019/05/07 3:48:35 PM GMT+8,FPS039,masculino,Malaysian,21.0,Traditional food,Fresh Juice,Maybe
2019/05/07 3:49:18 PM GMT+8,FPS040,femenino,Indian,34.0,Traditional food,Fresh Juice,Maybe
2019/05/07 3:57:01 PM GMT+8,FPS041,femenino,Pakistani,18.0,Traditional food,Fresh Juice,Maybe
2019/05/07 3:59:01 PM GMT+8,FPS043,masculino,Canadian,24.0,Western food,Fresh Juice,Yes
2019/05/07 3:59:37 PM GMT+8,FPS044,masculino,Pakistani,60.0,Traditional food,Carbonated drinks,Yes
2019/05/07 4:00:28 PM GMT+8,FPS045,masculino,Malaysian,21.0,Western food,Carbonated drinks,Yes
2019/05/07 4:00:47 PM GMT+8,FPS046,femenino,Nigerian,21.0,Traditional food,Fresh Juice,Yes
2019/05/07 4:01:42 PM GMT+8,FPS047,masculino,Pakistani,24.0,Western food,Fresh Juice,Yes
2019/05/07 4:01:44 PM GMT+8,FPS048,masculino,Indian,25.0,Western food,Fresh Juice,Yes
2019/05/07 4:02:29 PM GMT+8,FPS049,masculino,Indian,23.0,Traditional food,Fresh Juice,Maybe
2019/05/07 4:03:06 PM GMT+8,FPS050,femenino,Algerian,25.0,Traditional food,Fresh Juice,Yes
2019/05/07 4:03:45 PM GMT+8,FPS051,femenino,Indian,22.0,Traditional food,Fresh Juice,Maybe
2019/05/07 4:04:58 PM GMT+8,FPS052,masculino,Korean,27.0,Western food,Fresh Juice,No
2019/05/07 4:05:29 PM GMT+8,FPS053,masculino,Indian,26.0,Traditional food,Fresh Juice,No
2019/05/07 4:05:34 PM GMT+8,FPS054,femenino,Indian,30.0,Traditional food,Fresh Juice,Yes
2019/05/07 4:09:53 PM GMT+8,FPS055,femenino,Indian,25.0,Traditional food,Fresh Juice,Maybe
2019/05/07 4:10:02 PM GMT+8,FPS056,masculino,Indian,23.0,Western food,Carbonated drinks,Yes
2019/05/07 4:10:56 PM GMT+8,FPS057,femenino,Indian,25.0,Traditional food,Fresh Juice,Yes
2019/05/07 4:11:01 PM GMT+8,FPS058,masculino,Indian,21.0,Traditional food,Fresh Juice,Maybe
2019/05/07 4:11:51 PM GMT+8,FPS060,masculino,Indian,21.0,Western food,Carbonated drinks,Maybe
2019/05/07 4:12:12 PM GMT+8,FPS061,femenino,Indian,25.0,Traditional food,Fresh Juice,Maybe
2019/05/07 4:14:01 PM GMT+8,FPS062,femenino,Indian,30.0,Western food,Fresh Juice,Maybe
2019/05/07 4:14:02 PM GMT+8,FPS063,femenino,Indian,54.0,Traditional food,Carbonated drinks,Yes
2019/05/07 4:14:48 PM GMT+8,FPS064,masculino,Seychellois,23.0,Traditional food,Carbonated drinks,Maybe
2019/05/07 4:15:12 PM GMT+8,FPS065,masculino,Indian,27.0,Traditional food,Carbonated drinks,Maybe
2019/05/07 4:15:14 PM GMT+8,FPS066,masculino,Indian,74.0,Traditional food,Fresh Juice,Yes
2019/05/07 4:15:35 PM GMT+8,FPS067,femenino,Indian,27.0,Traditional food,Fresh Juice,Yes
2019/05/07 4:16:34 PM GMT+8,FPS068,masculino,Indonesian,19.0,Traditional food,Fresh Juice,Maybe
2019/05/07 4:16:36 PM GMT+8,FPS069,masculino,Indonesian,19.0,Western food,Carbonated drinks,Yes
2019/05/07 4:17:15 PM GMT+8,FPS070,femenino,Indian,80.0,Traditional food,Fresh Juice,Yes
2019/05/07 4:17:44 PM GMT+8,FPS071,femenino,Indian,25.0,Traditional food,Fresh Juice,No
2019/05/07 4:17:56 PM GMT+8,FPS072,masculino,Indian,34.0,Traditional food,Fresh Juice,Maybe
2019/05/07 4:18:00 PM GMT+8,FPS073,femenino,Indonesian,19.0,Traditional food,Fresh Juice,Yes
2019/05/07 4:18:31 PM GMT+8,FPS074,femenino,Indian,80.0,Traditional food,Fresh Juice,Yes
2019/05/07 4:18:51 PM GMT+8,FPS075,femenino,Indian,33.0,Traditional food,Carbonated drinks,Yes
2019/05/07 4:24:03 PM GMT+8,FPS076,masculino,Indian,33.0,Traditional food,Fresh Juice,Yes
2019/05/07 4:26:19 PM GMT+8,FPS077,femenino,Indian,40.0,Traditional food,Fresh Juice,Maybe
2019/05/07 4:27:22 PM GMT+8,FPS078,masculino,Malaysian,21.0,Traditional food,Fresh Juice,Yes
2019/05/07 4:28:49 PM GMT+8,FPS079,masculino,Indian,36.0,Traditional food,Fresh Juice,Yes
2019/05/07 4:29:55 PM GMT+8,FPS080,femenino,Indian,28.0,Traditional food,Fresh Juice,No
2019/05/07 4:30:31 PM GMT+8,FPS081,femenino,Indian,28.0,Traditional food,Fresh Juice,No
2019/05/07 4:32:08 PM GMT+8,FPS082,femenino,Malaysian,19.0,Traditional food,Fresh Juice,Yes
2019/05/07 4:32:17 PM GMT+8,FPS083,femenino,Indian,21.0,Traditional food,Fresh Juice,Yes
2019/05/07 4:38:13 PM GMT+8,FPS084,femenino,Indian,40.0,Traditional food,Fresh Juice,No
2019/05/07 4:40:23 PM GMT+8,FPS085,masculino,Japanese,28.0,Traditional food,Fresh Juice,Maybe
2019/05/07 4:40:48 PM GMT+8,FPS086,femenino,Indian,32.0,Traditional food,Fresh Juice,Maybe
2019/05/07 4:41:11 PM GMT+8,FPS087,femenino,Indian,38.0,Traditional food,Fresh Juice,Yes
2019/05/07 4:41:57 PM GMT+8,FPS088,femenino,Indian,36.0,Traditional food,Fresh Juice,No
2019/05/07 4:42:12 PM GMT+8,FPS089,femenino,Malaysian,30.0,Traditional food,Fresh Juice,Yes
2019/05/07 4:42:13 PM GMT+8,FPS090,masculino,Indonesian,19.0,Traditional food,Fresh Juice,Maybe
2019/05/07 4:42:50 PM GMT+8,FPS091,femenino,Indian,60.0,Traditional food,Fresh Juice,No
2019/05/07 4:42:57 PM GMT+8,FPS092,femenino,Malaysian,20.0,Traditional food,Fresh Juice,Yes
2019/05/07 4:43:54 PM GMT+8,FPS093,femenino,Indian,39.0,Western food,Fresh Juice,No
2019/05/07 4:52:25 PM GMT+8,FPS095,femenino,Chinese,23.0,Traditional food,Fresh Juice,No
2019/05/07 4:54:25 PM GMT+8,FPS096,femenino,Indian,31.0,Western food,Carbonated drinks,Yes
2019/05/07 4:55:54 PM GMT+8,FPS097,femenino,Indian,31.0,Western food,Carbonated drinks,Maybe
2019/05/07 4:56:06 PM GMT+8,FPS098,femenino,Mauritian,23.0,Traditional food,Fresh Juice,Maybe
2019/05/07 4:56:30 PM GMT+8,FPS099,masculino,Indian,23.0,Traditional food,Carbonated drinks,Yes
2019/05/07 4:56:54 PM GMT+8,FPS100,femenino,Japanese,34.0,Western food,Fresh Juice,Maybe
2019/05/07 4:58:26 PM GMT+8,FPS101,femenino,Indian,25.0,Traditional food,Fresh Juice,Maybe
2019/05/07 4:59:00 PM GMT+8,FPS102,masculino,Indian,38.0,Traditional food,Fresh Juice,Yes
2019/05/07 4:59:12 PM GMT+8,FPS103,masculino,Malaysian,19.0,Traditional food,Fresh Juice,Yes
2019/05/07 5:04:10 PM GMT+8,FPS104,femenino,Indian,19.0,Western food,Fresh Juice,Maybe
2019/05/07 5:04:39 PM GMT+8,FPS106,femenino,Indian,20.0,Traditional food,Fresh Juice,Yes
2019/05/07 5:05:59 PM GMT+8,FPS107,femenino,Indian,20.0,Traditional food,Fresh Juice,Yes
2019/05/07 5:07:17 PM GMT+8,FPS108,femenino,Indian,54.0,Traditional food,Fresh Juice,Yes
2019/05/07 5:08:34 PM GMT+8,FPS109,masculino,Indian,22.0,Western food,Carbonated drinks,Yes
2019/05/07 5:08:56 PM GMT+8,FPS110,femenino,Indian,16.0,Western food,Fresh Juice,Yes
2019/05/07 5:09:11 PM GMT+8,FPS111,masculino,Indian,23.0,Western food,Fresh Juice,Yes
2019/05/07 5:09:24 PM GMT+8,FPS112,femenino,Indian,47.0,Traditional food,Fresh Juice,No
2019/05/07 5:10:36 PM GMT+8,FPS113,masculino,Indian,54.0,Traditional food,Fresh Juice,No
2019/05/07 5:14:11 PM GMT+8,FPS114,femenino,Indian,54.0,Traditional food,Fresh Juice,No
2019/05/07 5:16:02 PM GMT+8,FPS115,masculino,Yemení,30.0,Traditional food,Fresh Juice,Yes
2019/05/07 5:16:36 PM GMT+8,FPS116,masculino,Indian,23.0,Traditional food,Fresh Juice,Yes
2019/05/07 5:17:07 PM GMT+8,FPS117,femenino,Indian,32.0,Traditional food,Fresh Juice,Maybe
2019/05/07 5:17:29 PM GMT+8,FPS118,femenino,Indian,29.0,Traditional food,Fresh Juice,Yes
2019/05/07 5:22:35 PM GMT+8,FPS119,femenino,Indian,8.0,Traditional food,Fresh Juice,No
2019/05/07 5:23:21 PM GMT+8,FPS120,femenino,Indian,26.0,Traditional food,Fresh Juice,Yes
2019/05/07 5:26:19 PM GMT+8,FPS121,femenino,Indian,27.0,Traditional food,Fresh Juice,Maybe
2019/05/07 5:27:07 PM GMT+8,FPS122,masculino,Indian,12.0,Traditional food,Fresh Juice,No
2019/05/07 5:27:35 PM GMT+8,FPS123,femenino,Indian,29.0,Western food,Fresh Juice,No
2019/05/07 5:29:01 PM GMT+8,FPS124,masculino,Indian,19.0,Traditional food,Fresh Juice,Maybe
2019/05/07 5:36:05 PM GMT+8,FPS125,masculino,Indian,56.0,Traditional food,Carbonated drinks,Yes
2019/05/07 5:36:34 PM GMT+8,FPS126,femenino,Indian,53.0,Traditional food,Carbonated drinks,Maybe
2019/05/07 5:41:07 PM GMT+8,FPS127,masculino,Indonesian,20.0,Traditional food,Fresh Juice,Maybe
2019/05/07 5:42:59 PM GMT+8,FPS128,masculino,Indonesian,19.0,Traditional food,Fresh Juice,Maybe
2019/05/07 5:49:44 PM GMT+8,FPS129,femenino,Indian,33.0,Traditional food,Fresh Juice,Maybe
2019/05/07 5:58:36 PM GMT+8,FPS130,masculino,Indian,26.0,Traditional food,Fresh Juice,Maybe
2019/05/07 5:59:10 PM GMT+8,FPS131,femenino,Indian,31.0,Traditional food,Fresh Juice,Maybe
2019/05/07 6:04:23 PM GMT+8,FPS132,masculino,Indian,29.0,Traditional food,Fresh Juice,No
2019/05/07 6:04:46 PM GMT+8,FPS133,femenino,Indian,32.0,Traditional food,Fresh Juice,No
2019/05/07 6:05:40 PM GMT+8,FPS134,femenino,Indian,39.0,Traditional food,Fresh Juice,Maybe
2019/05/07 6:07:24 PM GMT+8,FPS135,femenino,Indian,28.0,Traditional food,Fresh Juice,Yes
2019/05/07 6:11:16 PM GMT+8,FPS136,femenino,Indian,30.0,Traditional food,Fresh Juice,Maybe
2019/05/07 6:12:42 PM GMT+8,FPS137,femenino,Maldivian,28.0,Western food,Carbonated drinks,Maybe
2019/05/07 6:13:09 PM GMT+8,FPS138,femenino,Indian,30.0,Traditional food,Fresh Juice,Maybe
2019/05/07 6:14:07 PM GMT+8,FPS139,masculino,Indian,59.0,Traditional food,Fresh Juice,No
2019/05/07 6:14:39 PM GMT+8,FPS140,masculino,Indian,67.0,Traditional food,Fresh Juice,No
2019/05/07 6:15:32 PM GMT+8,FPS141,femenino,Indian,63.0,Traditional food,Fresh Juice,Maybe
2019/05/07 6:16:11 PM GMT+8,FPS142,masculino,Indian,18.0,Western food,Carbonated drinks,Yes
2019/05/07 6:16:38 PM GMT+8,FPS143,femenino,Indian,37.0,Traditional food,Fresh Juice,Yes
2019/05/07 6:16:52 PM GMT+8,FPS144,femenino,Indian,38.0,Traditional food,Fresh Juice,No
2019/05/07 6:17:35 PM GMT+8,FPS145,masculino,Indian,38.0,Traditional food,Fresh Juice,Yes
2019/05/07 6:35:24 PM GMT+8,FPS146,masculino,Indian,25.0,Western food,Fresh Juice,Maybe
2019/05/07 6:40:04 PM GMT+8,FPS147,femenino,Indian,24.0,Traditional food,Fresh Juice,Yes
2019/05/07 6:49:28 PM GMT+8,FPS148,femenino,Indian,33.0,Traditional food,Fresh Juice,Maybe
2019/05/07 6:53:37 PM GMT+8,FPS149,femenino,Indian,40.0,Traditional food,Fresh Juice,Maybe
2019/05/07 6:55:45 PM GMT+8,FPS150,masculino,Indian,28.0,Traditional food,Fresh Juice,Maybe
2019/05/07 6:56:49 PM GMT+8,FPS151,masculino,Indian,27.0,Western food,Fresh Juice,Yes
2019/05/07 6:57:42 PM GMT+8,FPS152,masculino,Indian,24.0,Traditional food,Fresh Juice,Yes
2019/05/07 7:02:00 PM GMT+8,FPS153,masculino,Indian,25.0,Traditional food,Fresh Juice,Yes
2019/05/07 7:04:32 PM GMT+8,FPS154,masculino,Indian,28.0,Traditional food,Fresh Juice,Yes
2019/05/07 7:04:50 PM GMT+8,FPS155,masculino,Indian,15.0,Western food,Carbonated drinks,Yes
2019/05/07 7:13:29 PM GMT+8,FPS156,femenino,Indian,40.0,Traditional food,Fresh Juice,Maybe
2019/05/07 7:15:18 PM GMT+8,FPS157,femenino,Indian,35.0,Traditional food,Fresh Juice,Yes
2019/05/07 7:16:13 PM GMT+8,FPS158,masculino,Indian,9.0,Traditional food,Fresh Juice,Maybe
2019/05/07 7:17:54 PM GMT+8,FPS159,masculino,Indian,30.0,Traditional food,Carbonated drinks,Maybe
2019/05/07 7:34:56 PM GMT+8,FPS160,masculino,Indian,24.0,Traditional food,Fresh Juice,Maybe
2019/05/07 7:36:02 PM GMT+8,FPS161,masculino,Indian,28.0,Western food,Fresh Juice,Maybe
2019/05/07 7:51:37 PM GMT+8,FPS162,femenino,Indian,65.0,Traditional food,Fresh Juice,No
2019/05/07 7:55:21 PM GMT+8,FPS163,femenino,Indian,25.0,Traditional food,Fresh Juice,Maybe
2019/05/07 8:19:30 PM GMT+8,FPS164,femenino,Indian,33.0,Traditional food,Fresh Juice,Maybe
2019/05/07 8:32:30 PM GMT+8,FPS165,masculino,Indian,33.0,Traditional food,Fresh Juice,Maybe
2019/05/07 8:32:32 PM GMT+8,FPS166,femenino,Indian,27.0,Traditional food,Fresh Juice,Maybe
2019/05/07 8:46:51 PM GMT+8,FPS167,femenino,Indian,27.0,Traditional food,Fresh Juice,Yes
2019/05/07 9:10:10 PM GMT+8,FPS168,masculino,Indian,26.0,Traditional food,Fresh Juice,No
2019/05/07 9:18:50 PM GMT+8,FPS169,femenino,Indian,25.0,Traditional food,Fresh Juice,Yes
2019/05/07 9:19:56 PM GMT+8,FPS170,femenino,Indian,25.0,Traditional food,Carbonated drinks,Yes
2019/05/07 9:21:20 PM GMT+8,FPS171,masculino,Indian,34.0,Traditional food,Fresh Juice,No
2019/05/07 9:21:38 PM GMT+8,FPS172,femenino,Indian,25.0,Traditional food,Fresh Juice,Yes
2019/05/07 9:35:57 PM GMT+8,FPS173,femenino,Indian,26.0,Western food,Carbonated drinks,Maybe
2019/05/07 9:42:26 PM GMT+8,FPS174,femenino,Indian,21.0,Traditional food,Fresh Juice,Yes
2019/05/07 10:25:13 PM GMT+8,FPS175,femenino,Indian,26.0,Traditional food,Fresh Juice,No
2019/05/07 10:45:27 PM GMT+8,FPS176,femenino,Indian,25.0,Traditional food,Carbonated drinks,Maybe
2019/05/07 11:05:22 PM GMT+8,FPS177,masculino,Indian,30.0,Traditional food,Fresh Juice,Maybe
2019/05/07 11:14:44 PM GMT+8,FPS178,masculino,Indian,9.0,Western food,Fresh Juice,Yes
2019/05/08 1:09:01 AM GMT+8,FPS179,femenino,Indian,39.0,Traditional food,Fresh Juice,Maybe
2019/05/08 1:12:06 AM GMT+8,FPS180,femenino,Indian,35.0,Traditional food,Fresh Juice,No
2019/05/08 1:14:27 AM GMT+8,FPS181,femenino,Indian,30.0,Traditional food,Fresh Juice,Maybe
2019/05/08 1:15:02 AM GMT+8,FPS182,femenino,Indian,45.0,Traditional food,Fresh Juice,Maybe
2019/05/08 1:15:18 AM GMT+8,FPS183,femenino,Indian,38.0,Traditional food,Fresh Juice,Maybe
2019/05/08 1:16:11 AM GMT+8,FPS184,femenino,Indian,30.0,Traditional food,Fresh Juice,Maybe
2019/05/08 1:16:11 AM GMT+8,FPS185,femenino,Indian,35.0,Western food,Fresh Juice,Yes
2019/05/08 1:17:19 AM GMT+8,FPS186,femenino,Indian,40.0,Traditional food,Fresh Juice,Maybe
2019/05/08 1:26:19 AM GMT+8,FPS187,femenino,Indian,29.0,Traditional food,Fresh Juice,Yes
2019/05/08 1:57:27 AM GMT+8,FPS188,femenino,Indian,45.0,Traditional food,Fresh Juice,Maybe
2019/05/08 2:11:03 AM GMT+8,FPS189,femenino,Indian,33.0,Traditional food,Fresh Juice,Yes
2019/05/08 2:40:06 AM GMT+8,FPS190,femenino,Indian,35.0,Traditional food,Fresh Juice,No
2019/05/08 2:41:21 AM GMT+8,FPS191,femenino,Indian,50.0,Traditional food,Fresh Juice,Yes
2019/05/08 3:31:40 AM GMT+8,FPS192,masculino,Indian,23.0,Traditional food,Fresh Juice,Yes
2019/05/08 9:47:54 AM GMT+8,FPS193,femenino,Indian,40.0,Traditional food,Fresh Juice,Maybe
2019/05/08 10:48:53 AM GMT+8,FPS194,femenino,Indian,50.0,Traditional food,Fresh Juice,Maybe
2019/05/08 10:56:46 AM GMT+8,FPS195,masculino,Indian,31.0,Traditional food,Fresh Juice,Maybe
2019/05/08 11:00:15 AM GMT+8,FPS196,femenino,Indian,33.0,Traditional food,Fresh Juice,No
2019/05/08 11:01:02 AM GMT+8,FPS197,femenino,Indian,37.0,Traditional food,Fresh Juice,No
2019/05/08 11:01:38 AM GMT+8,FPS198,femenino,Indian,35.0,Traditional food,Fresh Juice,No
2019/05/08 11:01:41 AM GMT+8,FPS199,femenino,Indian,49.0,Traditional food,Fresh Juice,Maybe
2019/05/08 11:04:18 AM GMT+8,FPS200,femenino,Indian,42.0,Traditional food,Fresh Juice,Maybe
2019/05/08 11:18:27 AM GMT+8,FPS201,femenino,Indian,31.0,Traditional food,Fresh Juice,Maybe
2019/05/08 11:19:03 AM GMT+8,FPS202,masculino,Indian,34.0,Traditional food,Fresh Juice,Yes
2019/05/08 11:28:48 AM GMT+8,FPS203,femenino,Indian,51.0,Traditional food,Fresh Juice,No
2019/05/08 11:33:11 AM GMT+8,FPS204,femenino,Indian,39.0,Traditional food,Fresh Juice,No
2019/05/08 11:41:03 AM GMT+8,FPS205,femenino,Indian,28.0,Traditional food,Fresh Juice,Maybe
2019/05/08 12:09:32 PM GMT+8,FPS206,femenino,Indian,23.0,Traditional food,Fresh Juice,Maybe
2019/05/08 12:10:04 PM GMT+8,FPS207,femenino,Indian,24.0,Traditional food,Fresh Juice,Maybe
2019/05/08 12:10:38 PM GMT+8,FPS208,femenino,Indian,40.0,Traditional food,Fresh Juice,No
2019/05/08 12:11:05 PM GMT+8,FPS209,femenino,Indian,37.0,Traditional food,Fresh Juice,Maybe
2019/05/08 12:11:37 PM GMT+8,FPS210,femenino,Indian,30.0,Traditional food,Fresh Juice,No
2019/05/08 12:11:49 PM GMT+8,FPS211,femenino,Indian,34.0,Traditional food,Fresh Juice,No
2019/05/08 12:12:20 PM GMT+8,FPS212,femenino,Indian,37.0,Traditional food,Fresh Juice,Yes
2019/05/08 12:13:10 PM GMT+8,FPS213,femenino,Indian,45.0,Traditional food,Fresh Juice,No
2019/05/08 12:16:36 PM GMT+8,FPS214,femenino,Indian,21.0,Traditional food,Carbonated drinks,Maybe
2019/05/08 12:16:59 PM GMT+8,FPS215,femenino,Indian,28.0,Traditional food,Fresh Juice,Maybe
2019/05/08 12:17:34 PM GMT+8,FPS216,femenino,Indian,24.0,Western food,Fresh Juice,Maybe
2019/05/08 12:18:07 PM GMT+8,FPS217,femenino,Indian,24.0,Western food,Fresh Juice,Maybe
2019/05/08 12:23:28 PM GMT+8,FPS218,femenino,Indian,37.0,Traditional food,Fresh Juice,No
2019/05/08 12:24:54 PM GMT+8,FPS219,femenino,Indian,44.0,Traditional food,Fresh Juice,Maybe
2019/05/08 12:26:29 PM GMT+8,FPS220,masculino,Indian,30.0,Traditional food,Fresh Juice,Yes
2019/05/08 12:33:51 PM GMT+8,FPS221,femenino,Indian,40.0,Traditional food,Fresh Juice,Maybe
2019/05/08 12:35:06 PM GMT+8,FPS222,masculino,Indian,38.0,Traditional food,Fresh Juice,No
2019/05/08 12:38:28 PM GMT+8,FPS223,femenino,Indian,33.0,Traditional food,Fresh Juice,Maybe
2019/05/08 12:45:41 PM GMT+8,FPS224,femenino,Indian,38.0,Traditional food,Fresh Juice,Maybe
2019/05/08 12:55:02 PM GMT+8,FPS225,masculino,Indian,38.0,Traditional food,Fresh Juice,Yes
2019/05/08 1:14:13 PM GMT+8,FPS227,femenino,Indian,37.0,Traditional food,Fresh Juice,Maybe
2019/05/08 1:22:46 PM GMT+8,FPS228,femenino,Indian,34.0,Traditional food,Fresh Juice,Yes
2019/05/08 1:24:22 PM GMT+8,FPS229,femenino,Indian,56.0,Traditional food,Fresh Juice,No
2019/05/08 1:25:49 PM GMT+8,FPS230,masculino,Indian,40.0,Western food,Fresh Juice,Maybe
2019/05/08 1:44:31 PM GMT+8,FPS231,masculino,Indian,38.0,Traditional food,Fresh Juice,Maybe
2019/05/08 1:51:32 PM GMT+8,FPS232,femenino,Indian,42.0,Traditional food,Carbonated drinks,Maybe
2019/05/08 1:51:48 PM GMT+8,FPS233,femenino,Indian,24.0,Western food,Fresh Juice,Yes
2019/05/08 1:54:38 PM GMT+8,FPS234,femenino,Indian,25.0,Western food,Fresh Juice,Maybe
2019/05/08 1:59:56 PM GMT+8,FPS235,femenino,Indian,36.0,Traditional food,Fresh Juice,No
2019/05/08 2:04:33 PM GMT+8,FPS236,masculino,Indian,18.0,Traditional food,Fresh Juice,Maybe
2019/05/08 2:38:01 PM GMT+8,FPS237,femenino,Indian,30.0,Traditional food,Fresh Juice,Yes
2019/05/08 2:40:18 PM GMT+8,FPS238,femenino,Indian,39.0,Traditional food,Fresh Juice,Yes
2019/05/08 2:40:34 PM GMT+8,FPS239,femenino,Indian,45.0,Traditional food,Fresh Juice,Maybe
2019/05/08 3:52:45 PM GMT+8,FPS240,femenino,Indian,24.0,Traditional food,Fresh Juice,Maybe
2019/05/08 4:12:33 PM GMT+8,FPS241,masculino,Indian,9.0,Traditional food,Fresh Juice,Yes
2019/05/08 4:14:33 PM GMT+8,FPS242,femenino,Indian,50.0,Traditional food,Fresh Juice,Yes
2019/05/08 4:20:38 PM GMT+8,FPS243,femenino,Indian,22.0,Western food,Fresh Juice,Maybe
2019/05/08 4:50:14 PM GMT+8,FPS244,femenino,Indian,40.0,Traditional food,Fresh Juice,Yes
2019/05/08 5:03:32 PM GMT+8,FPS245,femenino,Indian,36.0,Traditional food,Fresh Juice,Maybe
2019/05/08 5:54:40 PM GMT+8,FPS246,femenino,Indian,35.0,Traditional food,Fresh Juice,Yes
2019/05/08 5:59:40 PM GMT+8,FPS247,femenino,Indian,35.0,Traditional food,Fresh Juice,No
2019/05/08 6:07:40 PM GMT+8,FPS248,femenino,Indian,40.0,Traditional food,Fresh Juice,No
2019/05/08 6:19:33 PM GMT+8,FPS249,femenino,Indian,32.0,Traditional food,Fresh Juice,Maybe
2019/05/08 7:05:58 PM GMT+8,FPS250,femenino,Indian,28.0,Traditional food,Fresh Juice,Yes
2019/05/08 7:07:28 PM GMT+8,FPS251,femenino,Indian,25.0,Traditional food,Fresh Juice,Maybe
2019/05/08 7:10:38 PM GMT+8,FPS252,femenino,Indian,27.0,Traditional food,Fresh Juice,Yes
2019/05/08 7:17:36 PM GMT+8,FPS253,femenino,Indian,28.0,Traditional food,Fresh Juice,Maybe
2019/05/08 10:17:09 PM GMT+8,FPS254,femenino,Indian,38.0,Traditional food,Fresh Juice,Maybe
2019/05/08 11:07:06 PM GMT+8,FPS255,femenino,Indian,17.0,Traditional food,Fresh Juice,No
2019/05/09 12:40:17 AM GMT+8,FPS256,masculino,Indian,42.0,Traditional food,Fresh Juice,Maybe
2019/05/09 12:46:32 AM GMT+8,FPS257,femenino,Indian,42.0,Traditional food,Fresh Juice,Yes
2019/05/09 2:23:31 AM GMT+8,FPS258,femenino,Indian,37.0,Traditional food,Fresh Juice,Yes
2019/05/09 10:04:18 AM GMT+8,FPS259,femenino,Indian,42.0,Traditional food,Fresh Juice,No
2019/05/09 10:43:42 AM GMT+8,FPS260,femenino,Indian,37.0,Traditional food,Fresh Juice,Yes
2019/05/09 10:47:53 AM GMT+8,FPS261,femenino,Indian,46.0,Traditional food,Fresh Juice,No
2019/05/09 3:25:56 PM GMT+8,FPS262,femenino,Indian,36.0,Traditional food,Fresh Juice,Maybe
2019/05/10 1:07:43 AM GMT+8,FPS263,masculino,Indian,26.0,Traditional food,Fresh Juice,Yes
2019/05/10 1:07:43 AM GMT+8,FPS264,masculino,Indian,27.0,Traditional food,Fresh Juice,No
2019/05/10 1:08:37 AM GMT+8,FPS265,masculino,Indian,25.0,Traditional food,Fresh Juice,Yes
2019/05/10 1:08:44 AM GMT+8,FPS266,masculino,Indian,27.0,Western food,Fresh Juice,Yes
2019/05/10 1:08:46 AM GMT+8,FPS267,masculino,Indian,27.0,Traditional food,Fresh Juice,Yes
2019/05/10 1:08:57 AM GMT+8,FPS268,masculino,Indian,25.0,Traditional food,Fresh Juice,Maybe
2019/05/10 1:10:39 AM GMT+8,FPS270,masculino,Indian,26.0,Traditional food,Fresh Juice,Maybe
2019/05/10 1:11:07 AM GMT+8,FPS271,masculino,Indian,23.0,Traditional food,Carbonated drinks,Yes
2019/05/10 1:11:51 AM GMT+8,FPS272,masculino,Indian,28.0,Traditional food,Fresh Juice,Maybe
2019/05/10 1:12:09 AM GMT+8,FPS273,masculino,Indian,23.0,Traditional food,Fresh Juice,Maybe
2019/05/10 1:17:19 AM GMT+8,FPS274,femenino,Indian,22.0,Traditional food,Fresh Juice,Maybe
2019/05/10 1:30:45 AM GMT+8,FPS275,masculino,Indian,29.0,Western food,Fresh Juice,Maybe
2019/05/10 1:32:30 AM GMT+8,FPS276,masculino,Indian,30.0,Traditional food,Fresh Juice,Maybe
2019/05/10 1:34:44 AM GMT+8,FPS277,masculino,Indian,28.0,Traditional food,Carbonated drinks,Yes
2019/05/10 1:51:17 AM GMT+8,FPS279,masculino,Indian,25.0,Traditional food,Carbonated drinks,Yes
2019/05/10 2:01:42 AM GMT+8,FPS280,masculino,Indian,24.0,Traditional food,Fresh Juice,Maybe
2019/05/10 2:54:19 AM GMT+8,FPS281,masculino,Indian,25.0,Traditional food,Fresh Juice,Maybe
2019/05/10 4:24:00 AM GMT+8,FPS282,masculino,Indian,27.0,Traditional food,Fresh Juice,Maybe
2019/05/10 9:13:05 AM GMT+8,FPS283,masculino,Indian,27.0,Traditional food,Fresh Juice,No
2019/05/10 9:24:00 AM GMT+8,FPS284,masculino,Indian,27.0,Western food,Fresh Juice,Yes
2019/05/10 9:32:54 AM GMT+8,FPS285,masculino,Indian,24.0,Traditional food,Fresh Juice,Yes
2019/05/10 12:09:17 PM GMT+8,FPS286,masculino,Indian,25.0,Traditional food,Fresh Juice,Yes
2019/05/10 12:52:17 PM GMT+8,FPS287,masculino,Indian,27.0,Traditional food,Fresh Juice,Yes
2019/05/10 12:55:42 PM GMT+8,FPS288,masculino,Indian,27.0,Traditional food,Fresh Juice,No
